kuroame666,990d93d9-28fe-3293-ab3c-646d5e927111
linuxplayer,c5ac72af-5cab-3c0e-b3c7-a2fe6364171a
linuxplayer3,95b07496-6303-36db-8c8d-6313205d56fb
raguotoji_ragana,210a1e3b-db4d-3212-a50a-2be3b302148c
tausva,757eb102-47d9-3606-9ed3-2828c1b40ee5
linuxplayer2,bc4c2222-4d03-3c64-84cc-051dfa94bfe6
hellhounddogy,95b8252f-38ec-3467-926c-80c0d0ccdbae
anndyj,52ca9f4e-41c2-3e8f-a38f-d4d6aec422c0
duoncikas,c2422daa-1745-3b82-a14c-b0c8dd8d28d9
mel,49e39db9-eec3-3a60-b051-c4e6809c88d5
morgan,3fa6a32a-139d-37a7-8559-0156a8f9dea6
y1k_10,41813a43-865d-3cce-8292-7c28cd045a77
